{
  "v": "5.5.8",
  "fr": 60,
  "ip": 0,
  "op": 120,
  "w": 500,
  "h": 500,
  "nm": "facial-recognition",
  "ddd": 0,
  "assets": [],
  "layers": [
    {
      "ddd": 0,
      "ind": 1,
      "ty": 4,
      "nm": "Face",
      "sr": 1,
      "ks": {
        "o": { "a": 0, "k": 100 },
        "r": { "a": 0, "k": 0 },
        "p": { "a": 0, "k": [250, 250, 0] },
        "a": { "a": 0, "k": [250, 250, 0] },
        "s": { "a": 0, "k": [100, 100, 100] }
      },
      "shapes": [
        {
          "ty": "gr",
          "it": [
            {
              "ty": "rc",
              "d": 1,
              "s": { "a": 0, "k": [400, 400] },
              "p": { "a": 0, "k": [0, 0] },
              "r": { "a": 0, "k": 50 },
              "nm": "Rectangle Path 1"
            },
            {
              "ty": "st",
              "c": { "a": 0, "k": [0, 0.6, 1, 1] },
              "o": { "a": 0, "k": 100 },
              "w": { "a": 0, "k": 8 },
              "lc": 2,
              "lj": 2,
              "ml": 10,
              "nm": "Stroke 1"
            },
            {
              "ty": "fl",
              "c": { "a": 0, "k": [0.9, 0.9, 0.9, 1] },
              "o": { "a": 0, "k": 100 },
              "r": 1,
              "nm": "Fill 1"
            },
            {
              "ty": "tr",
              "p": { "a": 0, "k": [0, 0] },
              "a": { "a": 0, "k": [0, 0] },
              "s": { "a": 0, "k": [100, 100] },
              "r": { "a": 0, "k": 0 },
              "o": { "a": 0, "k": 100 },
              "sk": { "a": 0, "k": 0 },
              "sa": { "a": 0, "k": 0 },
              "nm": "Transform"
            }
          ],
          "nm": "Face Shape"
        }
      ],
      "ip": 0,
      "op": 120,
      "st": 0,
      "bm": 0
    },
    {
      "ddd": 0,
      "ind": 2,
      "ty": 4,
      "nm": "Scan Line",
      "sr": 1,
      "ks": {
        "o": { "a": 0, "k": 100 },
        "r": { "a": 0, "k": 0 },
        "p": {
          "a": 1,
          "k": [
            {
              "i": { "x": 0.667, "y": 1 },
              "o": { "x": 0.333, "y": 0 },
              "t": 0,
              "s": [250, -100, 0]
            },
            { "t": 120, "s": [250, 600, 0] }
          ]
        },
        "a": { "a": 0, "k": [250, 250, 0] },
        "s": { "a": 0, "k": [100, 100, 100] }
      },
      "shapes": [
        {
          "ty": "gr",
          "it": [
            {
              "ty": "rc",
              "d": 1,
              "s": { "a": 0, "k": [400, 50] },
              "p": { "a": 0, "k": [0, 0] },
              "r": { "a": 0, "k": 10 },
              "nm": "Rectangle Path 1"
            },
            {
              "ty": "fl",
              "c": { "a": 0, "k": [0, 0.6, 1, 1] },
              "o": { "a": 0, "k": 100 },
              "r": 1,
              "nm": "Fill 1"
            },
            {
              "ty": "tr",
              "p": { "a": 0, "k": [0, 0] },
              "a": { "a": 0, "k": [0, 0] },
              "s": { "a": 0, "k": [100, 100] },
              "r": { "a": 0, "k": 0 },
              "o": { "a": 0, "k": 100 },
              "sk": { "a": 0, "k": 0 },
              "sa": { "a": 0, "k": 0 },
              "nm": "Transform"
            }
          ],
          "nm": "Scan Line Shape"
        }
      ],
      "ip": 0,
      "op": 120,
      "st": 0,
      "bm": 0
    }
  ],
  "markers": []
}
