{
  "v": "5.3.4",
  "fr": 29.9700012207031,
  "ip": 1.00000004073083,
  "op": 125.000005091354,
  "w": 735,
  "h": 735,
  "nm": "Comp 1",
  "ddd": 0,
  "assets": [
    {
      "id": "comp_0",
      "layers": [
        {
          "ddd": 0,
          "ind": 1,
          "ty": 0,
          "nm": "particle",
          "refId": "comp_1",
          "sr": 1,
          "ks": {
            "o": { "a": 0, "k": 100, "ix": 11 },
            "r": { "a": 0, "k": 0, "ix": 10 },
            "p": { "a": 0, "k": [367.5, -91.75, 0], "ix": 2 },
            "a": { "a": 0, "k": [367.5, 367.5, 0], "ix": 1 },
            "s": { "a": 0, "k": [118, 118, 100], "ix": 6 }
          },
          "ao": 0,
          "w": 735,
          "h": 735,
          "ip": 45.0000018328876,
          "op": 346.000014092869,
          "st": 45.0000018328876,
          "bm": 0
        },
        {
          "ddd": 0,
          "ind": 2,
          "ty": 0,
          "nm": "particle",
          "refId": "comp_1",
          "sr": 1,
          "ks": {
            "o": { "a": 0, "k": 100, "ix": 11 },
            "r": { "a": 0, "k": 0, "ix": 10 },
            "p": { "a": 0, "k": [367.5, -59, 0], "ix": 2 },
            "a": { "a": 0, "k": [367.5, 367.5, 0], "ix": 1 },
            "s": { "a": 0, "k": [118, 118, 100], "ix": 6 }
          },
          "ao": 0,
          "w": 735,
          "h": 735,
          "ip": 42.0000017106951,
          "op": 343.000013970676,
          "st": 42.0000017106951,
          "bm": 0
        },
        {
          "ddd": 0,
          "ind": 3,
          "ty": 0,
          "nm": "particle",
          "refId": "comp_1",
          "sr": 1,
          "ks": {
            "o": { "a": 0, "k": 100, "ix": 11 },
            "r": { "a": 0, "k": 0, "ix": 10 },
            "p": { "a": 0, "k": [367.5, -26, 0], "ix": 2 },
            "a": { "a": 0, "k": [367.5, 367.5, 0], "ix": 1 },
            "s": { "a": 0, "k": [118, 118, 100], "ix": 6 }
          },
          "ao": 0,
          "w": 735,
          "h": 735,
          "ip": 39.0000015885026,
          "op": 340.000013848484,
          "st": 39.0000015885026,
          "bm": 0
        },
        {
          "ddd": 0,
          "ind": 4,
          "ty": 0,
          "nm": "particle",
          "refId": "comp_1",
          "sr": 1,
          "ks": {
            "o": { "a": 0, "k": 100, "ix": 11 },
            "r": { "a": 0, "k": 0, "ix": 10 },
            "p": { "a": 0, "k": [367.5, 6.75, 0], "ix": 2 },
            "a": { "a": 0, "k": [367.5, 367.5, 0], "ix": 1 },
            "s": { "a": 0, "k": [118, 118, 100], "ix": 6 }
          },
          "ao": 0,
          "w": 735,
          "h": 735,
          "ip": 36.0000014663101,
          "op": 337.000013726291,
          "st": 36.0000014663101,
          "bm": 0
        },
        {
          "ddd": 0,
          "ind": 5,
          "ty": 0,
          "nm": "particle",
          "refId": "comp_1",
          "sr": 1,
          "ks": {
            "o": { "a": 0, "k": 100, "ix": 11 },
            "r": { "a": 0, "k": 0, "ix": 10 },
            "p": { "a": 0, "k": [367.5, 39.5, 0], "ix": 2 },
            "a": { "a": 0, "k": [367.5, 367.5, 0], "ix": 1 },
            "s": { "a": 0, "k": [118, 118, 100], "ix": 6 }
          },
          "ao": 0,
          "w": 735,
          "h": 735,
          "ip": 33.0000013441176,
          "op": 334.000013604099,
          "st": 33.0000013441176,
          "bm": 0
        },
        {
          "ddd": 0,
          "ind": 6,
          "ty": 0,
          "nm": "particle",
          "refId": "comp_1",
          "sr": 1,
          "ks": {
            "o": { "a": 0, "k": 100, "ix": 11 },
            "r": { "a": 0, "k": 0, "ix": 10 },
            "p": { "a": 0, "k": [367.5, 72.5, 0], "ix": 2 },
            "a": { "a": 0, "k": [367.5, 367.5, 0], "ix": 1 },
            "s": { "a": 0, "k": [118, 118, 100], "ix": 6 }
          },
          "ao": 0,
          "w": 735,
          "h": 735,
          "ip": 30.0000012219251,
          "op": 331.000013481906,
          "st": 30.0000012219251,
          "bm": 0
        },
        {
          "ddd": 0,
          "ind": 7,
          "ty": 0,
          "nm": "particle",
          "refId": "comp_1",
          "sr": 1,
          "ks": {
            "o": { "a": 0, "k": 100, "ix": 11 },
            "r": { "a": 0, "k": 0, "ix": 10 },
            "p": { "a": 0, "k": [367.5, 105.25, 0], "ix": 2 },
            "a": { "a": 0, "k": [367.5, 367.5, 0], "ix": 1 },
            "s": { "a": 0, "k": [118, 118, 100], "ix": 6 }
          },
          "ao": 0,
          "w": 735,
          "h": 735,
          "ip": 27.0000010997325,
          "op": 328.000013359714,
          "st": 27.0000010997325,
          "bm": 0
        },
        {
          "ddd": 0,
          "ind": 8,
          "ty": 0,
          "nm": "particle",
          "refId": "comp_1",
          "sr": 1,
          "ks": {
            "o": { "a": 0, "k": 100, "ix": 11 },
            "r": { "a": 0, "k": 0, "ix": 10 },
            "p": { "a": 0, "k": [367.5, 138, 0], "ix": 2 },
            "a": { "a": 0, "k": [367.5, 367.5, 0], "ix": 1 },
            "s": { "a": 0, "k": [118, 118, 100], "ix": 6 }
          },
          "ao": 0,
          "w": 735,
          "h": 735,
          "ip": 24.00000097754,
          "op": 325.000013237521,
          "st": 24.00000097754,
          "bm": 0
        },
        {
          "ddd": 0,
          "ind": 9,
          "ty": 0,
          "nm": "particle",
          "refId": "comp_1",
          "sr": 1,
          "ks": {
            "o": { "a": 0, "k": 100, "ix": 11 },
            "r": { "a": 0, "k": 0, "ix": 10 },
            "p": { "a": 0, "k": [367.5, 171, 0], "ix": 2 },
            "a": { "a": 0, "k": [367.5, 367.5, 0], "ix": 1 },
            "s": { "a": 0, "k": [118, 118, 100], "ix": 6 }
          },
          "ao": 0,
          "w": 735,
          "h": 735,
          "ip": 20.0000008146167,
          "op": 321.000013074598,
          "st": 20.0000008146167,
          "bm": 0
        },
        {
          "ddd": 0,
          "ind": 10,
          "ty": 0,
          "nm": "particle",
          "refId": "comp_1",
          "sr": 1,
          "ks": {
            "o": { "a": 0, "k": 100, "ix": 11 },
            "r": { "a": 0, "k": 0, "ix": 10 },
            "p": { "a": 0, "k": [367.5, 203.75, 0], "ix": 2 },
            "a": { "a": 0, "k": [367.5, 367.5, 0], "ix": 1 },
            "s": { "a": 0, "k": [118, 118, 100], "ix": 6 }
          },
          "ao": 0,
          "w": 735,
          "h": 735,
          "ip": 15.0000006109625,
          "op": 316.000012870944,
          "st": 15.0000006109625,
          "bm": 0
        },
        {
          "ddd": 0,
          "ind": 11,
          "ty": 0,
          "nm": "particle",
          "refId": "comp_1",
          "sr": 1,
          "ks": {
            "o": { "a": 0, "k": 100, "ix": 11 },
            "r": { "a": 0, "k": 0, "ix": 10 },
            "p": { "a": 0, "k": [367.5, 236.5, 0], "ix": 2 },
            "a": { "a": 0, "k": [367.5, 367.5, 0], "ix": 1 },
            "s": { "a": 0, "k": [118, 118, 100], "ix": 6 }
          },
          "ao": 0,
          "w": 735,
          "h": 735,
          "ip": 9.00000036657752,
          "op": 310.000012626559,
          "st": 9.00000036657752,
          "bm": 0
        },
        {
          "ddd": 0,
          "ind": 12,
          "ty": 0,
          "nm": "particle",
          "refId": "comp_1",
          "sr": 1,
          "ks": {
            "o": { "a": 0, "k": 100, "ix": 11 },
            "r": { "a": 0, "k": 0, "ix": 10 },
            "p": { "a": 0, "k": [367.5, 269.5, 0], "ix": 2 },
            "a": { "a": 0, "k": [367.5, 367.5, 0], "ix": 1 },
            "s": { "a": 0, "k": [118, 118, 100], "ix": 6 }
          },
          "ao": 0,
          "w": 735,
          "h": 735,
          "ip": 0,
          "op": 301.000012259981,
          "st": 0,
          "bm": 0
        }
      ]
    },
    {
      "id": "comp_1",
      "layers": [
        {
          "ddd": 0,
          "ind": 1,
          "ty": 4,
          "nm": "Shape Layer 14",
          "sr": 1,
          "ks": {
            "o": {
              "a": 1,
              "k": [
                {
                  "i": { "x": [0.833], "y": [0.833] },
                  "o": { "x": [0.167], "y": [0.167] },
                  "n": ["0p833_0p833_0p167_0p167"],
                  "t": 8,
                  "s": [0],
                  "e": [100]
                },
                { "t": 24.00000097754 }
              ],
              "ix": 11
            },
            "r": { "a": 0, "k": 0, "ix": 10 },
            "p": { "a": 0, "k": [519.438, 605.677, 0], "ix": 2 },
            "a": { "a": 0, "k": [-143.5, 216.5, 0], "ix": 1 },
            "s": {
              "a": 1,
              "k": [
                {
                  "i": { "x": [0.22, 0.22, 0.22], "y": [1, 1, 1] },
                  "o": { "x": [0.78, 0.78, 0.78], "y": [0, 0, 0] },
                  "n": ["0p22_1_0p78_0", "0p22_1_0p78_0", "0p22_1_0p78_0"],
                  "t": 24,
                  "s": [100, 100, 100],
                  "e": [0, 0, 100]
                },
                { "t": 44.0000017921567 }
              ],
              "ix": 6
            }
          },
          "ao": 0,
          "shapes": [
            {
              "ty": "gr",
              "it": [
                {
                  "ty": "rc",
                  "d": 1,
                  "s": { "a": 0, "k": [28, 28], "ix": 2 },
                  "p": { "a": 0, "k": [0, 0], "ix": 3 },
                  "r": { "a": 0, "k": 0, "ix": 4 },
                  "nm": "Rectangle Path 1",
                  "mn": "ADBE Vector Shape - Rect",
                  "hd": false
                },
                {
                  "ty": "st",
                  "c": {
                    "a": 0,
                    "k": [
                      0.22745098039215686, 0.16470588235294117,
                      0.3568627450980392, 1
                    ],
                    "ix": 3
                  },
                  "o": { "a": 0, "k": 100, "ix": 4 },
                  "w": { "a": 0, "k": 0, "ix": 5 },
                  "lc": 1,
                  "lj": 1,
                  "ml": 4,
                  "ml2": { "a": 0, "k": 4, "ix": 8 },
                  "nm": "Stroke 1",
                  "mn": "ADBE Vector Graphic - Stroke",
                  "hd": false
                },
                {
                  "ty": "fl",
                  "c": {
                    "a": 0,
                    "k": [
                      0.22745098039215686, 0.16470588235294117,
                      0.3568627450980392, 1
                    ],
                    "ix": 4
                  },
                  "o": { "a": 0, "k": 100, "ix": 5 },
                  "r": 1,
                  "nm": "Fill 1",
                  "mn": "ADBE Vector Graphic - Fill",
                  "hd": false
                },
                {
                  "ty": "tr",
                  "p": { "a": 0, "k": [-143.5, 216.5], "ix": 2 },
                  "a": { "a": 0, "k": [0, 0], "ix": 1 },
                  "s": { "a": 0, "k": [100, 100], "ix": 3 },
                  "r": { "a": 0, "k": 0, "ix": 6 },
                  "o": { "a": 0, "k": 100, "ix": 7 },
                  "sk": { "a": 0, "k": 0, "ix": 4 },
                  "sa": { "a": 0, "k": 0, "ix": 5 },
                  "nm": "Transform"
                }
              ],
              "nm": "Rectangle 1",
              "np": 3,
              "cix": 2,
              "ix": 1,
              "mn": "ADBE Vector Group",
              "hd": false
            }
          ],
          "ip": 8.00000032584668,
          "op": 309.000012585828,
          "st": 8.00000032584668,
          "bm": 0
        },
        {
          "ddd": 0,
          "ind": 2,
          "ty": 4,
          "nm": "Shape Layer 13",
          "sr": 1,
          "ks": {
            "o": {
              "a": 1,
              "k": [
                {
                  "i": { "x": [0.833], "y": [0.833] },
                  "o": { "x": [0.167], "y": [0.167] },
                  "n": ["0p833_0p833_0p167_0p167"],
                  "t": 2,
                  "s": [0],
                  "e": [100]
                },
                { "t": 18.000000733155 }
              ],
              "ix": 11
            },
            "r": { "a": 0, "k": 0, "ix": 10 },
            "p": { "a": 0, "k": [491.938, 605.677, 0], "ix": 2 },
            "a": { "a": 0, "k": [-143.5, 216.5, 0], "ix": 1 },
            "s": {
              "a": 1,
              "k": [
                {
                  "i": { "x": [0.22, 0.22, 0.22], "y": [1, 1, 1] },
                  "o": { "x": [0.78, 0.78, 0.78], "y": [0, 0, 0] },
                  "n": ["0p22_1_0p78_0", "0p22_1_0p78_0", "0p22_1_0p78_0"],
                  "t": 18,
                  "s": [100, 100, 100],
                  "e": [0, 0, 100]
                },
                { "t": 38.0000015477717 }
              ],
              "ix": 6
            }
          },
          "ao": 0,
          "shapes": [
            {
              "ty": "gr",
              "it": [
                {
                  "ty": "rc",
                  "d": 1,
                  "s": { "a": 0, "k": [28, 28], "ix": 2 },
                  "p": { "a": 0, "k": [0, 0], "ix": 3 },
                  "r": { "a": 0, "k": 0, "ix": 4 },
                  "nm": "Rectangle Path 1",
                  "mn": "ADBE Vector Shape - Rect",
                  "hd": false
                },
                {
                  "ty": "st",
                  "c": {
                    "a": 0,
                    "k": [
                      0.22745098039215686, 0.16470588235294117,
                      0.3568627450980392, 1
                    ],
                    "ix": 3
                  },
                  "o": { "a": 0, "k": 100, "ix": 4 },
                  "w": { "a": 0, "k": 0, "ix": 5 },
                  "lc": 1,
                  "lj": 1,
                  "ml": 4,
                  "ml2": { "a": 0, "k": 4, "ix": 8 },
                  "nm": "Stroke 1",
                  "mn": "ADBE Vector Graphic - Stroke",
                  "hd": false
                },
                {
                  "ty": "fl",
                  "c": {
                    "a": 0,
                    "k": [
                      0.22745098039215686, 0.16470588235294117,
                      0.3568627450980392, 1
                    ],
                    "ix": 4
                  },
                  "o": { "a": 0, "k": 100, "ix": 5 },
                  "r": 1,
                  "nm": "Fill 1",
                  "mn": "ADBE Vector Graphic - Fill",
                  "hd": false
                },
                {
                  "ty": "tr",
                  "p": { "a": 0, "k": [-143.5, 216.5], "ix": 2 },
                  "a": { "a": 0, "k": [0, 0], "ix": 1 },
                  "s": { "a": 0, "k": [100, 100], "ix": 3 },
                  "r": { "a": 0, "k": 0, "ix": 6 },
                  "o": { "a": 0, "k": 100, "ix": 7 },
                  "sk": { "a": 0, "k": 0, "ix": 4 },
                  "sa": { "a": 0, "k": 0, "ix": 5 },
                  "nm": "Transform"
                }
              ],
              "nm": "Rectangle 1",
              "np": 3,
              "cix": 2,
              "ix": 1,
              "mn": "ADBE Vector Group",
              "hd": false
            }
          ],
          "ip": 2.00000008146167,
          "op": 303.000012341443,
          "st": 2.00000008146167,
          "bm": 0
        },
        {
          "ddd": 0,
          "ind": 3,
          "ty": 4,
          "nm": "Shape Layer 12",
          "sr": 1,
          "ks": {
            "o": {
              "a": 1,
              "k": [
                {
                  "i": { "x": [0.833], "y": [0.833] },
                  "o": { "x": [0.167], "y": [0.167] },
                  "n": ["0p833_0p833_0p167_0p167"],
                  "t": 8,
                  "s": [0],
                  "e": [100]
                },
                { "t": 24.00000097754 }
              ],
              "ix": 11
            },
            "r": { "a": 0, "k": 0, "ix": 10 },
            "p": { "a": 0, "k": [464.938, 605.677, 0], "ix": 2 },
            "a": { "a": 0, "k": [-143.5, 216.5, 0], "ix": 1 },
            "s": {
              "a": 1,
              "k": [
                {
                  "i": { "x": [0.22, 0.22, 0.22], "y": [1, 1, 1] },
                  "o": { "x": [0.78, 0.78, 0.78], "y": [0, 0, 0] },
                  "n": ["0p22_1_0p78_0", "0p22_1_0p78_0", "0p22_1_0p78_0"],
                  "t": 24,
                  "s": [100, 100, 100],
                  "e": [0, 0, 100]
                },
                { "t": 44.0000017921567 }
              ],
              "ix": 6
            }
          },
          "ao": 0,
          "shapes": [
            {
              "ty": "gr",
              "it": [
                {
                  "ty": "rc",
                  "d": 1,
                  "s": { "a": 0, "k": [28, 28], "ix": 2 },
                  "p": { "a": 0, "k": [0, 0], "ix": 3 },
                  "r": { "a": 0, "k": 0, "ix": 4 },
                  "nm": "Rectangle Path 1",
                  "mn": "ADBE Vector Shape - Rect",
                  "hd": false
                },
                {
                  "ty": "st",
                  "c": {
                    "a": 0,
                    "k": [
                      0.22745098039215686, 0.16470588235294117,
                      0.3568627450980392, 1
                    ],
                    "ix": 3
                  },
                  "o": { "a": 0, "k": 100, "ix": 4 },
                  "w": { "a": 0, "k": 0, "ix": 5 },
                  "lc": 1,
                  "lj": 1,
                  "ml": 4,
                  "ml2": { "a": 0, "k": 4, "ix": 8 },
                  "nm": "Stroke 1",
                  "mn": "ADBE Vector Graphic - Stroke",
                  "hd": false
                },
                {
                  "ty": "fl",
                  "c": {
                    "a": 0,
                    "k": [
                      0.22745098039215686, 0.16470588235294117,
                      0.3568627450980392, 1
                    ],
                    "ix": 4
                  },
                  "o": { "a": 0, "k": 100, "ix": 5 },
                  "r": 1,
                  "nm": "Fill 1",
                  "mn": "ADBE Vector Graphic - Fill",
                  "hd": false
                },
                {
                  "ty": "tr",
                  "p": { "a": 0, "k": [-143.5, 216.5], "ix": 2 },
                  "a": { "a": 0, "k": [0, 0], "ix": 1 },
                  "s": { "a": 0, "k": [100, 100], "ix": 3 },
                  "r": { "a": 0, "k": 0, "ix": 6 },
                  "o": { "a": 0, "k": 100, "ix": 7 },
                  "sk": { "a": 0, "k": 0, "ix": 4 },
                  "sa": { "a": 0, "k": 0, "ix": 5 },
                  "nm": "Transform"
                }
              ],
              "nm": "Rectangle 1",
              "np": 3,
              "cix": 2,
              "ix": 1,
              "mn": "ADBE Vector Group",
              "hd": false
            }
          ],
          "ip": 8.00000032584668,
          "op": 309.000012585828,
          "st": 8.00000032584668,
          "bm": 0
        },
        {
          "ddd": 0,
          "ind": 4,
          "ty": 4,
          "nm": "Shape Layer 11",
          "sr": 1,
          "ks": {
            "o": {
              "a": 1,
              "k": [
                {
                  "i": { "x": [0.833], "y": [0.833] },
                  "o": { "x": [0.167], "y": [0.167] },
                  "n": ["0p833_0p833_0p167_0p167"],
                  "t": 6,
                  "s": [0],
                  "e": [100]
                },
                { "t": 22.0000008960784 }
              ],
              "ix": 11
            },
            "r": { "a": 0, "k": 0, "ix": 10 },
            "p": { "a": 0, "k": [437.5, 605.677, 0], "ix": 2 },
            "a": { "a": 0, "k": [-143.5, 216.5, 0], "ix": 1 },
            "s": {
              "a": 1,
              "k": [
                {
                  "i": { "x": [0.22, 0.22, 0.22], "y": [1, 1, 1] },
                  "o": { "x": [0.78, 0.78, 0.78], "y": [0, 0, 0] },
                  "n": ["0p22_1_0p78_0", "0p22_1_0p78_0", "0p22_1_0p78_0"],
                  "t": 22,
                  "s": [100, 100, 100],
                  "e": [0, 0, 100]
                },
                { "t": 42.0000017106951 }
              ],
              "ix": 6
            }
          },
          "ao": 0,
          "shapes": [
            {
              "ty": "gr",
              "it": [
                {
                  "ty": "rc",
                  "d": 1,
                  "s": { "a": 0, "k": [28, 28], "ix": 2 },
                  "p": { "a": 0, "k": [0, 0], "ix": 3 },
                  "r": { "a": 0, "k": 0, "ix": 4 },
                  "nm": "Rectangle Path 1",
                  "mn": "ADBE Vector Shape - Rect",
                  "hd": false
                },
                {
                  "ty": "st",
                  "c": {
                    "a": 0,
                    "k": [
                      0.22745098039215686, 0.16470588235294117,
                      0.3568627450980392, 1
                    ],
                    "ix": 3
                  },
                  "o": { "a": 0, "k": 100, "ix": 4 },
                  "w": { "a": 0, "k": 0, "ix": 5 },
                  "lc": 1,
                  "lj": 1,
                  "ml": 4,
                  "ml2": { "a": 0, "k": 4, "ix": 8 },
                  "nm": "Stroke 1",
                  "mn": "ADBE Vector Graphic - Stroke",
                  "hd": false
                },
                {
                  "ty": "fl",
                  "c": {
                    "a": 0,
                    "k": [
                      0.22745098039215686, 0.16470588235294117,
                      0.3568627450980392, 1
                    ],
                    "ix": 4
                  },
                  "o": { "a": 0, "k": 100, "ix": 5 },
                  "r": 1,
                  "nm": "Fill 1",
                  "mn": "ADBE Vector Graphic - Fill",
                  "hd": false
                },
                {
                  "ty": "tr",
                  "p": { "a": 0, "k": [-143.5, 216.5], "ix": 2 },
                  "a": { "a": 0, "k": [0, 0], "ix": 1 },
                  "s": { "a": 0, "k": [100, 100], "ix": 3 },
                  "r": { "a": 0, "k": 0, "ix": 6 },
                  "o": { "a": 0, "k": 100, "ix": 7 },
                  "sk": { "a": 0, "k": 0, "ix": 4 },
                  "sa": { "a": 0, "k": 0, "ix": 5 },
                  "nm": "Transform"
                }
              ],
              "nm": "Rectangle 1",
              "np": 3,
              "cix": 2,
              "ix": 1,
              "mn": "ADBE Vector Group",
              "hd": false
            }
          ],
          "ip": 6.00000024438501,
          "op": 307.000012504366,
          "st": 6.00000024438501,
          "bm": 0
        },
        {
          "ddd": 0,
          "ind": 5,
          "ty": 4,
          "nm": "Shape Layer 10",
          "sr": 1,
          "ks": {
            "o": {
              "a": 1,
              "k": [
                {
                  "i": { "x": [0.833], "y": [0.833] },
                  "o": { "x": [0.167], "y": [0.167] },
                  "n": ["0p833_0p833_0p167_0p167"],
                  "t": 1,
                  "s": [0],
                  "e": [100]
                },
                { "t": 17.0000006924242 }
              ],
              "ix": 11
            },
            "r": { "a": 0, "k": 0, "ix": 10 },
            "p": { "a": 0, "k": [410, 605.677, 0], "ix": 2 },
            "a": { "a": 0, "k": [-143.5, 216.5, 0], "ix": 1 },
            "s": {
              "a": 1,
              "k": [
                {
                  "i": { "x": [0.22, 0.22, 0.22], "y": [1, 1, 1] },
                  "o": { "x": [0.78, 0.78, 0.78], "y": [0, 0, 0] },
                  "n": ["0p22_1_0p78_0", "0p22_1_0p78_0", "0p22_1_0p78_0"],
                  "t": 17,
                  "s": [100, 100, 100],
                  "e": [0, 0, 100]
                },
                { "t": 37.0000015070409 }
              ],
              "ix": 6
            }
          },
          "ao": 0,
          "shapes": [
            {
              "ty": "gr",
              "it": [
                {
                  "ty": "rc",
                  "d": 1,
                  "s": { "a": 0, "k": [28, 28], "ix": 2 },
                  "p": { "a": 0, "k": [0, 0], "ix": 3 },
                  "r": { "a": 0, "k": 0, "ix": 4 },
                  "nm": "Rectangle Path 1",
                  "mn": "ADBE Vector Shape - Rect",
                  "hd": false
                },
                {
                  "ty": "st",
                  "c": {
                    "a": 0,
                    "k": [
                      0.22745098039215686, 0.16470588235294117,
                      0.3568627450980392, 1
                    ],
                    "ix": 3
                  },
                  "o": { "a": 0, "k": 100, "ix": 4 },
                  "w": { "a": 0, "k": 0, "ix": 5 },
                  "lc": 1,
                  "lj": 1,
                  "ml": 4,
                  "ml2": { "a": 0, "k": 4, "ix": 8 },
                  "nm": "Stroke 1",
                  "mn": "ADBE Vector Graphic - Stroke",
                  "hd": false
                },
                {
                  "ty": "fl",
                  "c": {
                    "a": 0,
                    "k": [
                      0.22745098039215686, 0.16470588235294117,
                      0.3568627450980392, 1
                    ],
                    "ix": 4
                  },
                  "o": { "a": 0, "k": 100, "ix": 5 },
                  "r": 1,
                  "nm": "Fill 1",
                  "mn": "ADBE Vector Graphic - Fill",
                  "hd": false
                },
                {
                  "ty": "tr",
                  "p": { "a": 0, "k": [-143.5, 216.5], "ix": 2 },
                  "a": { "a": 0, "k": [0, 0], "ix": 1 },
                  "s": { "a": 0, "k": [100, 100], "ix": 3 },
                  "r": { "a": 0, "k": 0, "ix": 6 },
                  "o": { "a": 0, "k": 100, "ix": 7 },
                  "sk": { "a": 0, "k": 0, "ix": 4 },
                  "sa": { "a": 0, "k": 0, "ix": 5 },
                  "nm": "Transform"
                }
              ],
              "nm": "Rectangle 1",
              "np": 3,
              "cix": 2,
              "ix": 1,
              "mn": "ADBE Vector Group",
              "hd": false
            }
          ],
          "ip": 1.00000004073083,
          "op": 302.000012300712,
          "st": 1.00000004073083,
          "bm": 0
        },
        {
          "ddd": 0,
          "ind": 6,
          "ty": 4,
          "nm": "Shape Layer 9",
          "sr": 1,
          "ks": {
            "o": {
              "a": 1,
              "k": [
                {
                  "i": { "x": [0.833], "y": [0.833] },
                  "o": { "x": [0.167], "y": [0.167] },
                  "n": ["0p833_0p833_0p167_0p167"],
                  "t": 4,
                  "s": [0],
                  "e": [100]
                },
                { "t": 20.0000008146167 }
              ],
              "ix": 11
            },
            "r": { "a": 0, "k": 0, "ix": 10 },
            "p": { "a": 0, "k": [383, 605.677, 0], "ix": 2 },
            "a": { "a": 0, "k": [-143.5, 216.5, 0], "ix": 1 },
            "s": {
              "a": 1,
              "k": [
                {
                  "i": { "x": [0.22, 0.22, 0.22], "y": [1, 1, 1] },
                  "o": { "x": [0.78, 0.78, 0.78], "y": [0, 0, 0] },
                  "n": ["0p22_1_0p78_0", "0p22_1_0p78_0", "0p22_1_0p78_0"],
                  "t": 20,
                  "s": [100, 100, 100],
                  "e": [0, 0, 100]
                },
                { "t": 40.0000016292334 }
              ],
              "ix": 6
            }
          },
          "ao": 0,
          "shapes": [
            {
              "ty": "gr",
              "it": [
                {
                  "ty": "rc",
                  "d": 1,
                  "s": { "a": 0, "k": [28, 28], "ix": 2 },
                  "p": { "a": 0, "k": [0, 0], "ix": 3 },
                  "r": { "a": 0, "k": 0, "ix": 4 },
                  "nm": "Rectangle Path 1",
                  "mn": "ADBE Vector Shape - Rect",
                  "hd": false
                },
                {
                  "ty": "st",
                  "c": {
                    "a": 0,
                    "k": [
                      0.22745098039215686, 0.16470588235294117,
                      0.3568627450980392, 1
                    ],
                    "ix": 3
                  },
                  "o": { "a": 0, "k": 100, "ix": 4 },
                  "w": { "a": 0, "k": 0, "ix": 5 },
                  "lc": 1,
                  "lj": 1,
                  "ml": 4,
                  "ml2": { "a": 0, "k": 4, "ix": 8 },
                  "nm": "Stroke 1",
                  "mn": "ADBE Vector Graphic - Stroke",
                  "hd": false
                },
                {
                  "ty": "fl",
                  "c": {
                    "a": 0,
                    "k": [
                      0.22745098039215686, 0.16470588235294117,
                      0.3568627450980392, 1
                    ],
                    "ix": 4
                  },
                  "o": { "a": 0, "k": 100, "ix": 5 },
                  "r": 1,
                  "nm": "Fill 1",
                  "mn": "ADBE Vector Graphic - Fill",
                  "hd": false
                },
                {
                  "ty": "tr",
                  "p": { "a": 0, "k": [-143.5, 216.5], "ix": 2 },
                  "a": { "a": 0, "k": [0, 0], "ix": 1 },
                  "s": { "a": 0, "k": [100, 100], "ix": 3 },
                  "r": { "a": 0, "k": 0, "ix": 6 },
                  "o": { "a": 0, "k": 100, "ix": 7 },
                  "sk": { "a": 0, "k": 0, "ix": 4 },
                  "sa": { "a": 0, "k": 0, "ix": 5 },
                  "nm": "Transform"
                }
              ],
              "nm": "Rectangle 1",
              "np": 3,
              "cix": 2,
              "ix": 1,
              "mn": "ADBE Vector Group",
              "hd": false
            }
          ],
          "ip": 4.00000016292334,
          "op": 305.000012422905,
          "st": 4.00000016292334,
          "bm": 0
        },
        {
          "ddd": 0,
          "ind": 7,
          "ty": 4,
          "nm": "Shape Layer 8",
          "sr": 1,
          "ks": {
            "o": {
              "a": 1,
              "k": [
                {
                  "i": { "x": [0.833], "y": [0.833] },
                  "o": { "x": [0.167], "y": [0.167] },
                  "n": ["0p833_0p833_0p167_0p167"],
                  "t": 10,
                  "s": [0],
                  "e": [100]
                },
                { "t": 26.0000010590017 }
              ],
              "ix": 11
            },
            "r": { "a": 0, "k": 0, "ix": 10 },
            "p": { "a": 0, "k": [355.438, 605.677, 0], "ix": 2 },
            "a": { "a": 0, "k": [-143.5, 216.5, 0], "ix": 1 },
            "s": {
              "a": 1,
              "k": [
                {
                  "i": { "x": [0.22, 0.22, 0.22], "y": [1, 1, 1] },
                  "o": { "x": [0.78, 0.78, 0.78], "y": [0, 0, 0] },
                  "n": ["0p22_1_0p78_0", "0p22_1_0p78_0", "0p22_1_0p78_0"],
                  "t": 26,
                  "s": [100, 100, 100],
                  "e": [0, 0, 100]
                },
                { "t": 46.0000018736184 }
              ],
              "ix": 6
            }
          },
          "ao": 0,
          "shapes": [
            {
              "ty": "gr",
              "it": [
                {
                  "ty": "rc",
                  "d": 1,
                  "s": { "a": 0, "k": [28, 28], "ix": 2 },
                  "p": { "a": 0, "k": [0, 0], "ix": 3 },
                  "r": { "a": 0, "k": 0, "ix": 4 },
                  "nm": "Rectangle Path 1",
                  "mn": "ADBE Vector Shape - Rect",
                  "hd": false
                },
                {
                  "ty": "st",
                  "c": {
                    "a": 0,
                    "k": [
                      0.22745098039215686, 0.16470588235294117,
                      0.3568627450980392, 1
                    ],
                    "ix": 3
                  },
                  "o": { "a": 0, "k": 100, "ix": 4 },
                  "w": { "a": 0, "k": 0, "ix": 5 },
                  "lc": 1,
                  "lj": 1,
                  "ml": 4,
                  "ml2": { "a": 0, "k": 4, "ix": 8 },
                  "nm": "Stroke 1",
                  "mn": "ADBE Vector Graphic - Stroke",
                  "hd": false
                },
                {
                  "ty": "fl",
                  "c": {
                    "a": 0,
                    "k": [
                      0.22745098039215686, 0.16470588235294117,
                      0.3568627450980392, 1
                    ],
                    "ix": 4
                  },
                  "o": { "a": 0, "k": 100, "ix": 5 },
                  "r": 1,
                  "nm": "Fill 1",
                  "mn": "ADBE Vector Graphic - Fill",
                  "hd": false
                },
                {
                  "ty": "tr",
                  "p": { "a": 0, "k": [-143.5, 216.5], "ix": 2 },
                  "a": { "a": 0, "k": [0, 0], "ix": 1 },
                  "s": { "a": 0, "k": [100, 100], "ix": 3 },
                  "r": { "a": 0, "k": 0, "ix": 6 },
                  "o": { "a": 0, "k": 100, "ix": 7 },
                  "sk": { "a": 0, "k": 0, "ix": 4 },
                  "sa": { "a": 0, "k": 0, "ix": 5 },
                  "nm": "Transform"
                }
              ],
              "nm": "Rectangle 1",
              "np": 3,
              "cix": 2,
              "ix": 1,
              "mn": "ADBE Vector Group",
              "hd": false
            }
          ],
          "ip": 10.0000004073083,
          "op": 311.00001266729,
          "st": 10.0000004073083,
          "bm": 0
        },
        {
          "ddd": 0,
          "ind": 8,
          "ty": 4,
          "nm": "Shape Layer 7",
          "sr": 1,
          "ks": {
            "o": {
              "a": 1,
              "k": [
                {
                  "i": { "x": [0.833], "y": [0.833] },
                  "o": { "x": [0.167], "y": [0.167] },
                  "n": ["0p833_0p833_0p167_0p167"],
                  "t": 3,
                  "s": [0],
                  "e": [100]
                },
                { "t": 19.0000007738859 }
              ],
              "ix": 11
            },
            "r": { "a": 0, "k": 0, "ix": 10 },
            "p": { "a": 0, "k": [327.938, 605.677, 0], "ix": 2 },
            "a": { "a": 0, "k": [-143.5, 216.5, 0], "ix": 1 },
            "s": {
              "a": 1,
              "k": [
                {
                  "i": { "x": [0.22, 0.22, 0.22], "y": [1, 1, 1] },
                  "o": { "x": [0.78, 0.78, 0.78], "y": [0, 0, 0] },
                  "n": ["0p22_1_0p78_0", "0p22_1_0p78_0", "0p22_1_0p78_0"],
                  "t": 19,
                  "s": [100, 100, 100],
                  "e": [0, 0, 100]
                },
                { "t": 39.0000015885026 }
              ],
              "ix": 6
            }
          },
          "ao": 0,
          "shapes": [
            {
              "ty": "gr",
              "it": [
                {
                  "ty": "rc",
                  "d": 1,
                  "s": { "a": 0, "k": [28, 28], "ix": 2 },
                  "p": { "a": 0, "k": [0, 0], "ix": 3 },
                  "r": { "a": 0, "k": 0, "ix": 4 },
                  "nm": "Rectangle Path 1",
                  "mn": "ADBE Vector Shape - Rect",
                  "hd": false
                },
                {
                  "ty": "st",
                  "c": {
                    "a": 0,
                    "k": [
                      0.22745098039215686, 0.16470588235294117,
                      0.3568627450980392, 1
                    ],
                    "ix": 3
                  },
                  "o": { "a": 0, "k": 100, "ix": 4 },
                  "w": { "a": 0, "k": 0, "ix": 5 },
                  "lc": 1,
                  "lj": 1,
                  "ml": 4,
                  "ml2": { "a": 0, "k": 4, "ix": 8 },
                  "nm": "Stroke 1",
                  "mn": "ADBE Vector Graphic - Stroke",
                  "hd": false
                },
                {
                  "ty": "fl",
                  "c": {
                    "a": 0,
                    "k": [
                      0.22745098039215686, 0.16470588235294117,
                      0.3568627450980392, 1
                    ],
                    "ix": 4
                  },
                  "o": { "a": 0, "k": 100, "ix": 5 },
                  "r": 1,
                  "nm": "Fill 1",
                  "mn": "ADBE Vector Graphic - Fill",
                  "hd": false
                },
                {
                  "ty": "tr",
                  "p": { "a": 0, "k": [-143.5, 216.5], "ix": 2 },
                  "a": { "a": 0, "k": [0, 0], "ix": 1 },
                  "s": { "a": 0, "k": [100, 100], "ix": 3 },
                  "r": { "a": 0, "k": 0, "ix": 6 },
                  "o": { "a": 0, "k": 100, "ix": 7 },
                  "sk": { "a": 0, "k": 0, "ix": 4 },
                  "sa": { "a": 0, "k": 0, "ix": 5 },
                  "nm": "Transform"
                }
              ],
              "nm": "Rectangle 1",
              "np": 3,
              "cix": 2,
              "ix": 1,
              "mn": "ADBE Vector Group",
              "hd": false
            }
          ],
          "ip": 3.00000012219251,
          "op": 304.000012382174,
          "st": 3.00000012219251,
          "bm": 0
        },
        {
          "ddd": 0,
          "ind": 9,
          "ty": 4,
          "nm": "Shape Layer 6",
          "sr": 1,
          "ks": {
            "o": {
              "a": 1,
              "k": [
                {
                  "i": { "x": [0.833], "y": [0.833] },
                  "o": { "x": [0.167], "y": [0.167] },
                  "n": ["0p833_0p833_0p167_0p167"],
                  "t": 5,
                  "s": [0],
                  "e": [100]
                },
                { "t": 21.0000008553475 }
              ],
              "ix": 11
            },
            "r": { "a": 0, "k": 0, "ix": 10 },
            "p": { "a": 0, "k": [300.938, 605.677, 0], "ix": 2 },
            "a": { "a": 0, "k": [-143.5, 216.5, 0], "ix": 1 },
            "s": {
              "a": 1,
              "k": [
                {
                  "i": { "x": [0.22, 0.22, 0.22], "y": [1, 1, 1] },
                  "o": { "x": [0.78, 0.78, 0.78], "y": [0, 0, 0] },
                  "n": ["0p22_1_0p78_0", "0p22_1_0p78_0", "0p22_1_0p78_0"],
                  "t": 21,
                  "s": [100, 100, 100],
                  "e": [0, 0, 100]
                },
                { "t": 41.0000016699642 }
              ],
              "ix": 6
            }
          },
          "ao": 0,
          "shapes": [
            {
              "ty": "gr",
              "it": [
                {
                  "ty": "rc",
                  "d": 1,
                  "s": { "a": 0, "k": [28, 28], "ix": 2 },
                  "p": { "a": 0, "k": [0, 0], "ix": 3 },
                  "r": { "a": 0, "k": 0, "ix": 4 },
                  "nm": "Rectangle Path 1",
                  "mn": "ADBE Vector Shape - Rect",
                  "hd": false
                },
                {
                  "ty": "st",
                  "c": {
                    "a": 0,
                    "k": [
                      0.22745098039215686, 0.16470588235294117,
                      0.3568627450980392, 1
                    ],
                    "ix": 3
                  },
                  "o": { "a": 0, "k": 100, "ix": 4 },
                  "w": { "a": 0, "k": 0, "ix": 5 },
                  "lc": 1,
                  "lj": 1,
                  "ml": 4,
                  "ml2": { "a": 0, "k": 4, "ix": 8 },
                  "nm": "Stroke 1",
                  "mn": "ADBE Vector Graphic - Stroke",
                  "hd": false
                },
                {
                  "ty": "fl",
                  "c": {
                    "a": 0,
                    "k": [
                      0.22745098039215686, 0.16470588235294117,
                      0.3568627450980392, 1
                    ],
                    "ix": 4
                  },
                  "o": { "a": 0, "k": 100, "ix": 5 },
                  "r": 1,
                  "nm": "Fill 1",
                  "mn": "ADBE Vector Graphic - Fill",
                  "hd": false
                },
                {
                  "ty": "tr",
                  "p": { "a": 0, "k": [-143.5, 216.5], "ix": 2 },
                  "a": { "a": 0, "k": [0, 0], "ix": 1 },
                  "s": { "a": 0, "k": [100, 100], "ix": 3 },
                  "r": { "a": 0, "k": 0, "ix": 6 },
                  "o": { "a": 0, "k": 100, "ix": 7 },
                  "sk": { "a": 0, "k": 0, "ix": 4 },
                  "sa": { "a": 0, "k": 0, "ix": 5 },
                  "nm": "Transform"
                }
              ],
              "nm": "Rectangle 1",
              "np": 3,
              "cix": 2,
              "ix": 1,
              "mn": "ADBE Vector Group",
              "hd": false
            }
          ],
          "ip": 5.00000020365417,
          "op": 306.000012463636,
          "st": 5.00000020365417,
          "bm": 0
        },
        {
          "ddd": 0,
          "ind": 10,
          "ty": 4,
          "nm": "Shape Layer 5",
          "sr": 1,
          "ks": {
            "o": {
              "a": 1,
              "k": [
                {
                  "i": { "x": [0.833], "y": [0.833] },
                  "o": { "x": [0.167], "y": [0.167] },
                  "n": ["0p833_0p833_0p167_0p167"],
                  "t": 1,
                  "s": [0],
                  "e": [100]
                },
                { "t": 17.0000006924242 }
              ],
              "ix": 11
            },
            "r": { "a": 0, "k": 0, "ix": 10 },
            "p": { "a": 0, "k": [273.5, 605.677, 0], "ix": 2 },
            "a": { "a": 0, "k": [-143.5, 216.5, 0], "ix": 1 },
            "s": {
              "a": 1,
              "k": [
                {
                  "i": { "x": [0.22, 0.22, 0.22], "y": [1, 1, 1] },
                  "o": { "x": [0.78, 0.78, 0.78], "y": [0, 0, 0] },
                  "n": ["0p22_1_0p78_0", "0p22_1_0p78_0", "0p22_1_0p78_0"],
                  "t": 17,
                  "s": [100, 100, 100],
                  "e": [0, 0, 100]
                },
                { "t": 37.0000015070409 }
              ],
              "ix": 6
            }
          },
          "ao": 0,
          "shapes": [
            {
              "ty": "gr",
              "it": [
                {
                  "ty": "rc",
                  "d": 1,
                  "s": { "a": 0, "k": [28, 28], "ix": 2 },
                  "p": { "a": 0, "k": [0, 0], "ix": 3 },
                  "r": { "a": 0, "k": 0, "ix": 4 },
                  "nm": "Rectangle Path 1",
                  "mn": "ADBE Vector Shape - Rect",
                  "hd": false
                },
                {
                  "ty": "st",
                  "c": {
                    "a": 0,
                    "k": [
                      0.22745098039215686, 0.16470588235294117,
                      0.3568627450980392, 1
                    ],
                    "ix": 3
                  },
                  "o": { "a": 0, "k": 100, "ix": 4 },
                  "w": { "a": 0, "k": 0, "ix": 5 },
                  "lc": 1,
                  "lj": 1,
                  "ml": 4,
                  "ml2": { "a": 0, "k": 4, "ix": 8 },
                  "nm": "Stroke 1",
                  "mn": "ADBE Vector Graphic - Stroke",
                  "hd": false
                },
                {
                  "ty": "fl",
                  "c": {
                    "a": 0,
                    "k": [
                      0.22745098039215686, 0.16470588235294117,
                      0.3568627450980392, 1
                    ],
                    "ix": 4
                  },
                  "o": { "a": 0, "k": 100, "ix": 5 },
                  "r": 1,
                  "nm": "Fill 1",
                  "mn": "ADBE Vector Graphic - Fill",
                  "hd": false
                },
                {
                  "ty": "tr",
                  "p": { "a": 0, "k": [-143.5, 216.5], "ix": 2 },
                  "a": { "a": 0, "k": [0, 0], "ix": 1 },
                  "s": { "a": 0, "k": [100, 100], "ix": 3 },
                  "r": { "a": 0, "k": 0, "ix": 6 },
                  "o": { "a": 0, "k": 100, "ix": 7 },
                  "sk": { "a": 0, "k": 0, "ix": 4 },
                  "sa": { "a": 0, "k": 0, "ix": 5 },
                  "nm": "Transform"
                }
              ],
              "nm": "Rectangle 1",
              "np": 3,
              "cix": 2,
              "ix": 1,
              "mn": "ADBE Vector Group",
              "hd": false
            }
          ],
          "ip": 1.00000004073083,
          "op": 302.000012300712,
          "st": 1.00000004073083,
          "bm": 0
        },
        {
          "ddd": 0,
          "ind": 11,
          "ty": 4,
          "nm": "Shape Layer 4",
          "sr": 1,
          "ks": {
            "o": {
              "a": 1,
              "k": [
                {
                  "i": { "x": [0.833], "y": [0.833] },
                  "o": { "x": [0.167], "y": [0.167] },
                  "n": ["0p833_0p833_0p167_0p167"],
                  "t": 4,
                  "s": [0],
                  "e": [100]
                },
                { "t": 20.0000008146167 }
              ],
              "ix": 11
            },
            "r": { "a": 0, "k": 0, "ix": 10 },
            "p": { "a": 0, "k": [246, 605.677, 0], "ix": 2 },
            "a": { "a": 0, "k": [-143.5, 216.5, 0], "ix": 1 },
            "s": {
              "a": 1,
              "k": [
                {
                  "i": { "x": [0.22, 0.22, 0.22], "y": [1, 1, 1] },
                  "o": { "x": [0.78, 0.78, 0.78], "y": [0, 0, 0] },
                  "n": ["0p22_1_0p78_0", "0p22_1_0p78_0", "0p22_1_0p78_0"],
                  "t": 20,
                  "s": [100, 100, 100],
                  "e": [0, 0, 100]
                },
                { "t": 40.0000016292334 }
              ],
              "ix": 6
            }
          },
          "ao": 0,
          "shapes": [
            {
              "ty": "gr",
              "it": [
                {
                  "ty": "rc",
                  "d": 1,
                  "s": { "a": 0, "k": [28, 28], "ix": 2 },
                  "p": { "a": 0, "k": [0, 0], "ix": 3 },
                  "r": { "a": 0, "k": 0, "ix": 4 },
                  "nm": "Rectangle Path 1",
                  "mn": "ADBE Vector Shape - Rect",
                  "hd": false
                },
                {
                  "ty": "st",
                  "c": {
                    "a": 0,
                    "k": [
                      0.22745098039215686, 0.16470588235294117,
                      0.3568627450980392, 1
                    ],
                    "ix": 3
                  },
                  "o": { "a": 0, "k": 100, "ix": 4 },
                  "w": { "a": 0, "k": 0, "ix": 5 },
                  "lc": 1,
                  "lj": 1,
                  "ml": 4,
                  "ml2": { "a": 0, "k": 4, "ix": 8 },
                  "nm": "Stroke 1",
                  "mn": "ADBE Vector Graphic - Stroke",
                  "hd": false
                },
                {
                  "ty": "fl",
                  "c": {
                    "a": 0,
                    "k": [
                      0.22745098039215686, 0.16470588235294117,
                      0.3568627450980392, 1
                    ],
                    "ix": 4
                  },
                  "o": { "a": 0, "k": 100, "ix": 5 },
                  "r": 1,
                  "nm": "Fill 1",
                  "mn": "ADBE Vector Graphic - Fill",
                  "hd": false
                },
                {
                  "ty": "tr",
                  "p": { "a": 0, "k": [-143.5, 216.5], "ix": 2 },
                  "a": { "a": 0, "k": [0, 0], "ix": 1 },
                  "s": { "a": 0, "k": [100, 100], "ix": 3 },
                  "r": { "a": 0, "k": 0, "ix": 6 },
                  "o": { "a": 0, "k": 100, "ix": 7 },
                  "sk": { "a": 0, "k": 0, "ix": 4 },
                  "sa": { "a": 0, "k": 0, "ix": 5 },
                  "nm": "Transform"
                }
              ],
              "nm": "Rectangle 1",
              "np": 3,
              "cix": 2,
              "ix": 1,
              "mn": "ADBE Vector Group",
              "hd": false
            }
          ],
          "ip": 4.00000016292334,
          "op": 305.000012422905,
          "st": 4.00000016292334,
          "bm": 0
        },
        {
          "ddd": 0,
          "ind": 12,
          "ty": 4,
          "nm": "Shape Layer 3",
          "sr": 1,
          "ks": {
            "o": {
              "a": 1,
              "k": [
                {
                  "i": { "x": [0.833], "y": [0.833] },
                  "o": { "x": [0.167], "y": [0.167] },
                  "n": ["0p833_0p833_0p167_0p167"],
                  "t": 0,
                  "s": [0],
                  "e": [100]
                },
                { "t": 16.0000006516934 }
              ],
              "ix": 11
            },
            "r": { "a": 0, "k": 0, "ix": 10 },
            "p": { "a": 0, "k": [219, 605.677, 0], "ix": 2 },
            "a": { "a": 0, "k": [-143.5, 216.5, 0], "ix": 1 },
            "s": {
              "a": 1,
              "k": [
                {
                  "i": { "x": [0.22, 0.22, 0.22], "y": [1, 1, 1] },
                  "o": { "x": [0.78, 0.78, 0.78], "y": [0, 0, 0] },
                  "n": ["0p22_1_0p78_0", "0p22_1_0p78_0", "0p22_1_0p78_0"],
                  "t": 16,
                  "s": [100, 100, 100],
                  "e": [0, 0, 100]
                },
                { "t": 36.0000014663101 }
              ],
              "ix": 6
            }
          },
          "ao": 0,
          "shapes": [
            {
              "ty": "gr",
              "it": [
                {
                  "ty": "rc",
                  "d": 1,
                  "s": { "a": 0, "k": [28, 28], "ix": 2 },
                  "p": { "a": 0, "k": [0, 0], "ix": 3 },
                  "r": { "a": 0, "k": 0, "ix": 4 },
                  "nm": "Rectangle Path 1",
                  "mn": "ADBE Vector Shape - Rect",
                  "hd": false
                },
                {
                  "ty": "st",
                  "c": {
                    "a": 0,
                    "k": [
                      0.22745098039215686, 0.16470588235294117,
                      0.3568627450980392, 1
                    ],
                    "ix": 3
                  },
                  "o": { "a": 0, "k": 100, "ix": 4 },
                  "w": { "a": 0, "k": 0, "ix": 5 },
                  "lc": 1,
                  "lj": 1,
                  "ml": 4,
                  "ml2": { "a": 0, "k": 4, "ix": 8 },
                  "nm": "Stroke 1",
                  "mn": "ADBE Vector Graphic - Stroke",
                  "hd": false
                },
                {
                  "ty": "fl",
                  "c": {
                    "a": 0,
                    "k": [
                      0.22745098039215686, 0.16470588235294117,
                      0.3568627450980392, 1
                    ],
                    "ix": 4
                  },
                  "o": { "a": 0, "k": 100, "ix": 5 },
                  "r": 1,
                  "nm": "Fill 1",
                  "mn": "ADBE Vector Graphic - Fill",
                  "hd": false
                },
                {
                  "ty": "tr",
                  "p": { "a": 0, "k": [-143.5, 216.5], "ix": 2 },
                  "a": { "a": 0, "k": [0, 0], "ix": 1 },
                  "s": { "a": 0, "k": [100, 100], "ix": 3 },
                  "r": { "a": 0, "k": 0, "ix": 6 },
                  "o": { "a": 0, "k": 100, "ix": 7 },
                  "sk": { "a": 0, "k": 0, "ix": 4 },
                  "sa": { "a": 0, "k": 0, "ix": 5 },
                  "nm": "Transform"
                }
              ],
              "nm": "Rectangle 1",
              "np": 3,
              "cix": 2,
              "ix": 1,
              "mn": "ADBE Vector Group",
              "hd": false
            }
          ],
          "ip": 0,
          "op": 301.000012259981,
          "st": 0,
          "bm": 0
        }
      ]
    }
  ],
  "layers": [
    {
      "ddd": 0,
      "ind": 1,
      "ty": 0,
      "nm": "particle mask",
      "refId": "comp_0",
      "sr": 1,
      "ks": {
        "o": { "a": 0, "k": 100, "ix": 11 },
        "r": { "a": 0, "k": 0, "ix": 10 },
        "p": { "a": 0, "k": [367.5, 367.5, 0], "ix": 2 },
        "a": { "a": 0, "k": [367.5, 367.5, 0], "ix": 1 },
        "s": { "a": 0, "k": [100, 100, 100], "ix": 6 }
      },
      "ao": 0,
      "hasMask": true,
      "masksProperties": [
        {
          "inv": false,
          "mode": "a",
          "pt": {
            "a": 0,
            "k": {
              "i": [
                [35, -8],
                [0, -7.5],
                [0.5, -1],
                [0, -14],
                [-10, -6],
                [-2, -8.5],
                [0, 0],
                [0, 0],
                [2, -5.5],
                [16, -7],
                [21, -4.5],
                [7.5, -43],
                [0, 0],
                [-35, 12],
                [5, 28.5],
                [16, 4],
                [8.5, 7.5],
                [0, 0],
                [0, 0],
                [-12, 2],
                [0, 0],
                [-8, 19.5],
                [0, 0],
                [-0.5, 50],
                [9, 7.5],
                [0, 0]
              ],
              "o": [
                [-35, 8],
                [0, 7.5],
                [-0.5, 1],
                [0, 14],
                [10, 6],
                [2, 8.5],
                [0, 0],
                [0, 0],
                [-2, 5.5],
                [-16, 7],
                [-21, 4.5],
                [-7.5, 43],
                [0, 0],
                [35, -12],
                [-5, -28.5],
                [-16, -4],
                [-8.5, -7.5],
                [0, 0],
                [0, 0],
                [12, -2],
                [0, 0],
                [8, -19.5],
                [0, 0],
                [0.5, -50],
                [-9, -7.5],
                [0, 0]
              ],
              "v": [
                [341.5, 178],
                [293.5, 234.5],
                [299.5, 283.5],
                [289, 292],
                [306, 330],
                [309.5, 349.5],
                [319.5, 369.5],
                [321, 382.5],
                [314, 396],
                [277.5, 426.5],
                [211, 442],
                [176.5, 506],
                [215.5, 566.5],
                [531.5, 560.5],
                [555.5, 478.5],
                [510, 435],
                [451, 421.5],
                [425, 402],
                [420.5, 390.5],
                [420.5, 372],
                [437, 342.5],
                [455.5, 316],
                [452.5, 289],
                [459.5, 245],
                [428, 186.5],
                [400.5, 178.5]
              ],
              "c": true
            },
            "ix": 1
          },
          "o": { "a": 0, "k": 100, "ix": 3 },
          "x": { "a": 0, "k": 0, "ix": 4 },
          "nm": "Mask 1"
        }
      ],
      "tm": {
        "a": 1,
        "k": [
          {
            "i": { "x": [0.833], "y": [0.833] },
            "o": { "x": [0.167], "y": [0.167] },
            "n": ["0p833_0p833_0p167_0p167"],
            "t": 0,
            "s": [0],
            "e": [2.836]
          },
          {
            "i": { "x": [0.833], "y": [0.833] },
            "o": { "x": [0.167], "y": [0.167] },
            "n": ["0p833_0p833_0p167_0p167"],
            "t": 66,
            "s": [2.836],
            "e": [0]
          },
          {
            "i": { "x": [0.833], "y": [0.833] },
            "o": { "x": [0.167], "y": [0.167] },
            "n": ["0p833_0p833_0p167_0p167"],
            "t": 123,
            "s": [0],
            "e": [10.043]
          },
          { "t": 301.000012259981 }
        ],
        "ix": 2
      },
      "w": 735,
      "h": 735,
      "ip": 0,
      "op": 301.000012259981,
      "st": 0,
      "bm": 0
    },
    {
      "ddd": 0,
      "ind": 2,
      "ty": 4,
      "nm": "Shape Layer 2",
      "sr": 1,
      "ks": {
        "o": { "a": 0, "k": 100, "ix": 11 },
        "r": { "a": 0, "k": 0, "ix": 10 },
        "p": {
          "a": 1,
          "k": [
            {
              "i": { "x": 0.66, "y": 1 },
              "o": { "x": 0.34, "y": 0 },
              "n": "0p66_1_0p34_0",
              "t": 0,
              "s": [367, 553.076, 0],
              "e": [367, 162.543, 0],
              "to": [0, -43.6323509216309, 0],
              "ti": [0, 67.9121856689453, 0]
            },
            {
              "i": { "x": 0.66, "y": 1 },
              "o": { "x": 0.167, "y": 0 },
              "n": "0p66_1_0p167_0",
              "t": 68,
              "s": [367, 162.543, 0],
              "e": [367, 553.076, 0],
              "to": [0, -7.83573389053345, 0],
              "ti": [0, 48.6666679382324, 0]
            },
            { "t": 133.000005417201 }
          ],
          "ix": 2
        },
        "a": { "a": 0, "k": [-21.5, -140.5, 0], "ix": 1 },
        "s": { "a": 0, "k": [100, 100, 100], "ix": 6 }
      },
      "ao": 0,
      "shapes": [
        {
          "ty": "gr",
          "it": [
            {
              "ty": "rc",
              "d": 1,
              "s": { "a": 0, "k": [552, 10], "ix": 2 },
              "p": { "a": 0, "k": [0, 0], "ix": 3 },
              "r": { "a": 0, "k": 20, "ix": 4 },
              "nm": "Rectangle Path 1",
              "mn": "ADBE Vector Shape - Rect",
              "hd": false
            },
            {
              "ty": "st",
              "c": {
                "a": 0,
                "k": [
                  0.22745098039215686, 0.16470588235294117, 0.3568627450980392,
                  1
                ],
                "ix": 3
              },
              "o": { "a": 0, "k": 100, "ix": 4 },
              "w": { "a": 0, "k": 0, "ix": 5 },
              "lc": 1,
              "lj": 1,
              "ml": 4,
              "ml2": { "a": 0, "k": 4, "ix": 8 },
              "nm": "Stroke 1",
              "mn": "ADBE Vector Graphic - Stroke",
              "hd": false
            },
            {
              "ty": "fl",
              "c": {
                "a": 0,
                "k": [
                  0.22745098039215686, 0.16470588235294117, 0.3568627450980392,
                  1
                ],
                "ix": 4
              },
              "o": { "a": 0, "k": 100, "ix": 5 },
              "r": 1,
              "nm": "Fill 1",
              "mn": "ADBE Vector Graphic - Fill",
              "hd": false
            },
            {
              "ty": "tr",
              "p": { "a": 0, "k": [-21.5, -140.5], "ix": 2 },
              "a": { "a": 0, "k": [0, 0], "ix": 1 },
              "s": { "a": 0, "k": [100, 100], "ix": 3 },
              "r": { "a": 0, "k": 0, "ix": 6 },
              "o": { "a": 0, "k": 100, "ix": 7 },
              "sk": { "a": 0, "k": 0, "ix": 4 },
              "sa": { "a": 0, "k": 0, "ix": 5 },
              "nm": "Transform"
            }
          ],
          "nm": "Rectangle 1",
          "np": 3,
          "cix": 2,
          "ix": 1,
          "mn": "ADBE Vector Group",
          "hd": false
        }
      ],
      "ip": 0,
      "op": 301.000012259981,
      "st": 0,
      "bm": 0
    },
    {
      "ddd": 0,
      "ind": 3,
      "ty": 4,
      "nm": "man Outlines",
      "sr": 1,
      "ks": {
        "o": { "a": 0, "k": 100, "ix": 11 },
        "r": { "a": 0, "k": 0, "ix": 10 },
        "p": { "a": 0, "k": [367.5, 367.5, 0], "ix": 2 },
        "a": { "a": 0, "k": [250, 250, 0], "ix": 1 },
        "s": { "a": 0, "k": [100, 100, 100], "ix": 6 }
      },
      "ao": 0,
      "hasMask": true,
      "masksProperties": [
        {
          "inv": false,
          "mode": "a",
          "pt": {
            "a": 1,
            "k": [
              {
                "i": { "x": 0.66, "y": 1 },
                "o": { "x": 0.34, "y": 0 },
                "n": "0p66_1_0p34_0",
                "t": 0,
                "s": [
                  {
                    "i": [
                      [0, 0],
                      [0, 0],
                      [0, 0],
                      [0, 0]
                    ],
                    "o": [
                      [0, 0],
                      [0, 0],
                      [0, 0],
                      [0, 0]
                    ],
                    "v": [
                      [564.5, -45.5],
                      [-49.5, -45.5],
                      [-49.5, 440.5],
                      [564.5, 440.5]
                    ],
                    "c": true
                  }
                ],
                "e": [
                  {
                    "i": [
                      [0, 0],
                      [0, 0],
                      [0, 0],
                      [0, 0]
                    ],
                    "o": [
                      [0, 0],
                      [0, 0],
                      [0, 0],
                      [0, 0]
                    ],
                    "v": [
                      [564.5, -445.5],
                      [-49.5, -445.5],
                      [-49.5, 40.5],
                      [564.5, 40.5]
                    ],
                    "c": true
                  }
                ]
              },
              {
                "i": { "x": 0.66, "y": 1 },
                "o": { "x": 0.167, "y": 0 },
                "n": "0p66_1_0p167_0",
                "t": 68,
                "s": [
                  {
                    "i": [
                      [0, 0],
                      [0, 0],
                      [0, 0],
                      [0, 0]
                    ],
                    "o": [
                      [0, 0],
                      [0, 0],
                      [0, 0],
                      [0, 0]
                    ],
                    "v": [
                      [564.5, -445.5],
                      [-49.5, -445.5],
                      [-49.5, 40.5],
                      [564.5, 40.5]
                    ],
                    "c": true
                  }
                ],
                "e": [
                  {
                    "i": [
                      [0, 0],
                      [0, 0],
                      [0, 0],
                      [0, 0]
                    ],
                    "o": [
                      [0, 0],
                      [0, 0],
                      [0, 0],
                      [0, 0]
                    ],
                    "v": [
                      [564.5, -45.5],
                      [-49.5, -45.5],
                      [-49.5, 440.5],
                      [564.5, 440.5]
                    ],
                    "c": true
                  }
                ]
              },
              { "t": 133.000005417201 }
            ],
            "ix": 1
          },
          "o": { "a": 0, "k": 100, "ix": 3 },
          "x": { "a": 0, "k": 0, "ix": 4 },
          "nm": "Mask 1"
        }
      ],
      "shapes": [
        {
          "ty": "gr",
          "it": [
            {
              "ind": 0,
              "ty": "sh",
              "ix": 1,
              "ks": {
                "a": 0,
                "k": {
                  "i": [
                    [0, 0],
                    [-18.666, -31.042],
                    [0, 0],
                    [0, 0],
                    [0, 0],
                    [0, 0],
                    [0.854, -4.617],
                    [0, 0]
                  ],
                  "o": [
                    [19.694, 24.009],
                    [0, 0],
                    [0, 0],
                    [0, 0],
                    [0, 0],
                    [-3.644, 0.958],
                    [0, 0],
                    [0, 0]
                  ],
                  "v": [
                    [-41.6, 7.44],
                    [16.749, 84.098],
                    [51.53, 84.098],
                    [30.449, 29.923],
                    [13.721, -13.06],
                    [-9.377, -84.097],
                    [-51.53, -38.683],
                    [-9.404, -21.741]
                  ],
                  "c": true
                },
                "ix": 2
              },
              "nm": "Path 1",
              "mn": "ADBE Vector Shape - Group",
              "hd": false
            },
            {
              "ty": "fl",
              "c": {
                "a": 0,
                "k": [
                  0.22745098039215686, 0.16470588235294117, 0.3568627450980392,
                  1
                ],
                "ix": 4
              },
              "o": { "a": 0, "k": 100, "ix": 5 },
              "r": 1,
              "nm": "Fill 1",
              "mn": "ADBE Vector Graphic - Fill",
              "hd": false
            },
            {
              "ty": "tr",
              "p": { "a": 0, "k": [206.077, 362.227], "ix": 2 },
              "a": { "a": 0, "k": [0, 0], "ix": 1 },
              "s": { "a": 0, "k": [100, 100], "ix": 3 },
              "r": { "a": 0, "k": 0, "ix": 6 },
              "o": { "a": 0, "k": 100, "ix": 7 },
              "sk": { "a": 0, "k": 0, "ix": 4 },
              "sa": { "a": 0, "k": 0, "ix": 5 },
              "nm": "Transform"
            }
          ],
          "nm": "Group 1",
          "np": 2,
          "cix": 2,
          "ix": 1,
          "mn": "ADBE Vector Group",
          "hd": false
        },
        {
          "ty": "gr",
          "it": [
            {
              "ind": 0,
              "ty": "sh",
              "ix": 1,
              "ks": {
                "a": 0,
                "k": {
                  "i": [
                    [0, 0],
                    [11.486, 31.99],
                    [0, 0],
                    [1, -0.269],
                    [12.154, -3.27],
                    [24.049, -3.907],
                    [5.114, -32.646],
                    [-29.281, 0]
                  ],
                  "o": [
                    [-10.395, -32.771],
                    [0, 0],
                    [0, 0],
                    [-3.642, 0.968],
                    [-23.712, 6.489],
                    [-26.481, 4.301],
                    [-4.533, 28.928],
                    [0, 0]
                  ],
                  "v": [
                    [101.677, 76.635],
                    [65.452, -20.51],
                    [45.352, -76.635],
                    [43.819, -76.2],
                    [18.342, -65.864],
                    [-53.975, -45.015],
                    [-97.144, 21.478],
                    [-50.268, 76.635]
                  ],
                  "c": true
                },
                "ix": 2
              },
              "nm": "Path 1",
              "mn": "ADBE Vector Shape - Group",
              "hd": false
            },
            {
              "ty": "fl",
              "c": {
                "a": 0,
                "k": [
                  0.22745098039215686, 0.16470588235294117, 0.3568627450980392,
                  1
                ],
                "ix": 4
              },
              "o": { "a": 0, "k": 100, "ix": 5 },
              "r": 1,
              "nm": "Fill 1",
              "mn": "ADBE Vector Graphic - Fill",
              "hd": false
            },
            {
              "ty": "tr",
              "p": { "a": 0, "k": [154.336, 369.689], "ix": 2 },
              "a": { "a": 0, "k": [0, 0], "ix": 1 },
              "s": { "a": 0, "k": [100, 100], "ix": 3 },
              "r": { "a": 0, "k": 0, "ix": 6 },
              "o": { "a": 0, "k": 100, "ix": 7 },
              "sk": { "a": 0, "k": 0, "ix": 4 },
              "sa": { "a": 0, "k": 0, "ix": 5 },
              "nm": "Transform"
            }
          ],
          "nm": "Group 2",
          "np": 2,
          "cix": 2,
          "ix": 2,
          "mn": "ADBE Vector Group",
          "hd": false
        },
        {
          "ty": "gr",
          "it": [
            {
              "ind": 0,
              "ty": "sh",
              "ix": 1,
              "ks": {
                "a": 0,
                "k": {
                  "i": [
                    [0, 0],
                    [-13.946, 19.319],
                    [8.834, 4.607],
                    [0, 0],
                    [5.162, 10.668],
                    [4.048, 1.6],
                    [0, 0],
                    [0, 0],
                    [0, 0]
                  ],
                  "o": [
                    [14.383, -34.788],
                    [-8.832, -4.61],
                    [0, 0],
                    [-1.699, -5.026],
                    [-7.714, -15.937],
                    [0, 0],
                    [0, 0],
                    [0, 0],
                    [0, 0]
                  ],
                  "v": [
                    [-10.888, 80.956],
                    [34.388, -0.489],
                    [7.887, -14.313],
                    [37.098, -27.482],
                    [26.379, -51.036],
                    [-3.543, -80.956],
                    [-20.124, 9.208],
                    [-25.946, 31.625],
                    [-37.098, 80.956]
                  ],
                  "c": true
                },
                "ix": 2
              },
              "nm": "Path 1",
              "mn": "ADBE Vector Shape - Group",
              "hd": false
            },
            {
              "ty": "fl",
              "c": {
                "a": 0,
                "k": [
                  0.22745098039215686, 0.16470588235294117, 0.3568627450980392,
                  1
                ],
                "ix": 4
              },
              "o": { "a": 0, "k": 100, "ix": 5 },
              "r": 1,
              "nm": "Fill 1",
              "mn": "ADBE Vector Graphic - Fill",
              "hd": false
            },
            {
              "ty": "tr",
              "p": { "a": 0, "k": [312.701, 365.368], "ix": 2 },
              "a": { "a": 0, "k": [0, 0], "ix": 1 },
              "s": { "a": 0, "k": [100, 100], "ix": 3 },
              "r": { "a": 0, "k": 0, "ix": 6 },
              "o": { "a": 0, "k": 100, "ix": 7 },
              "sk": { "a": 0, "k": 0, "ix": 4 },
              "sa": { "a": 0, "k": 0, "ix": 5 },
              "nm": "Transform"
            }
          ],
          "nm": "Group 3",
          "np": 2,
          "cix": 2,
          "ix": 3,
          "mn": "ADBE Vector Group",
          "hd": false
        },
        {
          "ty": "gr",
          "it": [
            {
              "ind": 0,
              "ty": "sh",
              "ix": 1,
              "ks": {
                "a": 0,
                "k": {
                  "i": [
                    [0, 0],
                    [0, 0],
                    [0.794, 0.783],
                    [0, 0],
                    [0, 0],
                    [0, 0],
                    [0, 0],
                    [-0.863, -1.25],
                    [0, 0],
                    [0, 0]
                  ],
                  "o": [
                    [0, 0],
                    [-0.68, 0.666],
                    [0, 0],
                    [0, 0],
                    [0, 0],
                    [0, 0],
                    [0.682, -1.128],
                    [0, 0],
                    [0, 0],
                    [0, 0]
                  ],
                  "v": [
                    [54.524, -51.444],
                    [8.528, -6.335],
                    [5.938, -6.539],
                    [-46.318, -58.278],
                    [-67.739, -19.54],
                    [-26.433, 51.099],
                    [5.97, -2.45],
                    [9.127, -2.198],
                    [50.955, 58.278],
                    [67.739, -14.896]
                  ],
                  "c": true
                },
                "ix": 2
              },
              "nm": "Path 1",
              "mn": "ADBE Vector Shape - Group",
              "hd": false
            },
            {
              "ty": "fl",
              "c": {
                "a": 0,
                "k": [
                  0.788235294117647, 0.5607843137254902, 0.7568627450980392, 1
                ],
                "ix": 4
              },
              "o": { "a": 0, "k": 100, "ix": 5 },
              "r": 1,
              "nm": "Fill 1",
              "mn": "ADBE Vector Graphic - Fill",
              "hd": false
            },
            {
              "ty": "tr",
              "p": { "a": 0, "k": [248.352, 323.822], "ix": 2 },
              "a": { "a": 0, "k": [0, 0], "ix": 1 },
              "s": { "a": 0, "k": [100, 100], "ix": 3 },
              "r": { "a": 0, "k": 0, "ix": 6 },
              "o": { "a": 0, "k": 100, "ix": 7 },
              "sk": { "a": 0, "k": 0, "ix": 4 },
              "sa": { "a": 0, "k": 0, "ix": 5 },
              "nm": "Transform"
            }
          ],
          "nm": "Group 4",
          "np": 2,
          "cix": 2,
          "ix": 4,
          "mn": "ADBE Vector Group",
          "hd": false
        },
        {
          "ty": "gr",
          "it": [
            {
              "ind": 0,
              "ty": "sh",
              "ix": 1,
              "ks": {
                "a": 0,
                "k": {
                  "i": [
                    [0, 0],
                    [3.2, 28.15],
                    [0.445, 2.809],
                    [9.527, 11.913],
                    [16.614, 2.348],
                    [10.541, 5.453],
                    [5.714, -24.447],
                    [7.712, -34.088]
                  ],
                  "o": [
                    [28.331, 0],
                    [-0.573, -5.048],
                    [-2.391, -15.066],
                    [-10.483, -13.104],
                    [-18.327, -2.591],
                    [-5.785, 24.363],
                    [-0.101, 0.437],
                    [0, 0]
                  ],
                  "v": [
                    [34.304, 74.63],
                    [81.477, 21.806],
                    [79.923, 9.682],
                    [64.863, -32.965],
                    [33.327, -55.002],
                    [-51.727, -74.63],
                    [-67.276, -0.323],
                    [-84.677, 74.63]
                  ],
                  "c": true
                },
                "ix": 2
              },
              "nm": "Path 1",
              "mn": "ADBE Vector Shape - Group",
              "hd": false
            },
            {
              "ty": "fl",
              "c": {
                "a": 0,
                "k": [
                  0.22745098039215686, 0.16470588235294117, 0.3568627450980392,
                  1
                ],
                "ix": 4
              },
              "o": { "a": 0, "k": 100, "ix": 5 },
              "r": 1,
              "nm": "Fill 1",
              "mn": "ADBE Vector Graphic - Fill",
              "hd": false
            },
            {
              "ty": "tr",
              "p": { "a": 0, "k": [361.474, 371.694], "ix": 2 },
              "a": { "a": 0, "k": [0, 0], "ix": 1 },
              "s": { "a": 0, "k": [100, 100], "ix": 3 },
              "r": { "a": 0, "k": 0, "ix": 6 },
              "o": { "a": 0, "k": 100, "ix": 7 },
              "sk": { "a": 0, "k": 0, "ix": 4 },
              "sa": { "a": 0, "k": 0, "ix": 5 },
              "nm": "Transform"
            }
          ],
          "nm": "Group 5",
          "np": 2,
          "cix": 2,
          "ix": 5,
          "mn": "ADBE Vector Group",
          "hd": false
        },
        {
          "ty": "gr",
          "it": [
            {
              "ind": 0,
              "ty": "sh",
              "ix": 1,
              "ks": {
                "a": 0,
                "k": {
                  "i": [
                    [-0.156, -0.361],
                    [0, 0],
                    [0, 0],
                    [0, 0],
                    [0.106, 0.375],
                    [0, 0],
                    [-0.931, 2.12],
                    [0, 0],
                    [0.565, 0.606],
                    [2.509, 2.699],
                    [1.085, 2.316],
                    [1.983, -1.368],
                    [1.049, -1.675],
                    [1.295, -1.423],
                    [1.871, -2.051],
                    [-0.329, -0.76],
                    [0, 0],
                    [0.305, -2.39],
                    [0, 0]
                  ],
                  "o": [
                    [0, 0],
                    [0, 0],
                    [0, 0],
                    [0.106, -0.334],
                    [0, 0],
                    [-0.68, -2.487],
                    [0, 0],
                    [0.22, -0.72],
                    [-2.505, -2.696],
                    [-1.707, -1.836],
                    [-0.78, -1.663],
                    [-1.727, 1.191],
                    [-1.043, 1.67],
                    [-1.882, 2.061],
                    [-0.472, 0.518],
                    [0, 0],
                    [1.263, 2.302],
                    [0, 0],
                    [-0.052, 0.356]
                  ],
                  "v": [
                    [-23.415, 48.795],
                    [-16.65, 64.227],
                    [20.171, 64.227],
                    [23.523, 53.733],
                    [23.523, 52.643],
                    [2.606, -23.771],
                    [2.996, -30.909],
                    [8.139, -42.618],
                    [7.571, -44.803],
                    [0.043, -52.899],
                    [-4.777, -58.811],
                    [-9.618, -62.858],
                    [-12.842, -57.938],
                    [-16.905, -53.477],
                    [-22.531, -47.305],
                    [-22.762, -45.201],
                    [-15.819, -32.534],
                    [-14.336, -25.263],
                    [-23.577, 47.696]
                  ],
                  "c": true
                },
                "ix": 2
              },
              "nm": "Path 1",
              "mn": "ADBE Vector Shape - Group",
              "hd": false
            },
            {
              "ty": "fl",
              "c": {
                "a": 0,
                "k": [
                  0.22745098039215686, 0.16470588235294117, 0.3568627450980392,
                  1
                ],
                "ix": 4
              },
              "o": { "a": 0, "k": 100, "ix": 5 },
              "r": 1,
              "nm": "Fill 1",
              "mn": "ADBE Vector Graphic - Fill",
              "hd": false
            },
            {
              "ty": "tr",
              "p": { "a": 0, "k": [264.547, 382.098], "ix": 2 },
              "a": { "a": 0, "k": [0, 0], "ix": 1 },
              "s": { "a": 0, "k": [100, 100], "ix": 3 },
              "r": { "a": 0, "k": 0, "ix": 6 },
              "o": { "a": 0, "k": 100, "ix": 7 },
              "sk": { "a": 0, "k": 0, "ix": 4 },
              "sa": { "a": 0, "k": 0, "ix": 5 },
              "nm": "Transform"
            }
          ],
          "nm": "Group 6",
          "np": 2,
          "cix": 2,
          "ix": 6,
          "mn": "ADBE Vector Group",
          "hd": false
        },
        {
          "ty": "gr",
          "it": [
            {
              "ind": 0,
              "ty": "sh",
              "ix": 1,
              "ks": {
                "a": 0,
                "k": {
                  "i": [
                    [-1.091, -16.464],
                    [0, 0],
                    [2.385, 11.48],
                    [17.879, 17.133],
                    [10.858, -2.153],
                    [2.529, -7.818],
                    [0.077, -2.431],
                    [-1.149, -9.885]
                  ],
                  "o": [
                    [0, 0],
                    [-1.579, -11.575],
                    [-5.042, -24.275],
                    [-7.624, -7.307],
                    [-9.043, 0],
                    [-0.955, 2.951],
                    [-0.225, 7.086],
                    [1.902, 16.339]
                  ],
                  "v": [
                    [-44.856, 63.276],
                    [52.732, 63.276],
                    [46.952, 28.671],
                    [19.777, -31.977],
                    [-13.906, -61.123],
                    [-51.05, -16.765],
                    [-52.507, -8.801],
                    [-48.861, 13.971]
                  ],
                  "c": true
                },
                "ix": 2
              },
              "nm": "Path 1",
              "mn": "ADBE Vector Shape - Group",
              "hd": false
            },
            {
              "ty": "fl",
              "c": {
                "a": 0,
                "k": [
                  0.788235294117647, 0.5607843137254902, 0.7568627450980392, 1
                ],
                "ix": 4
              },
              "o": { "a": 0, "k": 100, "ix": 5 },
              "r": 1,
              "nm": "Fill 1",
              "mn": "ADBE Vector Graphic - Fill",
              "hd": false
            },
            {
              "ty": "tr",
              "p": { "a": 0, "k": [267.648, 383.048], "ix": 2 },
              "a": { "a": 0, "k": [0, 0], "ix": 1 },
              "s": { "a": 0, "k": [100, 100], "ix": 3 },
              "r": { "a": 0, "k": 0, "ix": 6 },
              "o": { "a": 0, "k": 100, "ix": 7 },
              "sk": { "a": 0, "k": 0, "ix": 4 },
              "sa": { "a": 0, "k": 0, "ix": 5 },
              "nm": "Transform"
            }
          ],
          "nm": "Group 7",
          "np": 2,
          "cix": 2,
          "ix": 7,
          "mn": "ADBE Vector Group",
          "hd": false
        },
        {
          "ty": "gr",
          "it": [
            {
              "ind": 0,
              "ty": "sh",
              "ix": 1,
              "ks": {
                "a": 0,
                "k": {
                  "i": [
                    [-1.741, -6.804],
                    [0.528, -5.806],
                    [0.039, -1.277],
                    [0, 0],
                    [0.005, 0.905],
                    [-0.452, 4.208],
                    [-0.889, 5.594],
                    [-15.124, 0.337],
                    [-11.087, -0.584],
                    [-11.119, 5.723],
                    [-2.984, -0.871],
                    [-1.653, -1.057],
                    [-2.332, -12.513],
                    [0.782, -9.861],
                    [-0.068, -4.976],
                    [0, 0],
                    [-0.806, 3.1],
                    [-0.899, 5.311],
                    [11.712, 16.509],
                    [10.671, -0.727],
                    [-0.867, -0.806],
                    [4.62, 1.276],
                    [18.869, -14.495],
                    [-1.146, -20.214]
                  ],
                  "o": [
                    [1.505, 5.876],
                    [-0.069, 0.772],
                    [0, 0],
                    [0.157, -1.542],
                    [-0.022, -4.241],
                    [0.602, -5.642],
                    [2.338, -14.705],
                    [11.107, -0.247],
                    [13.7, 0.724],
                    [2.982, -1.536],
                    [1.936, 0.565],
                    [9.96, 6.382],
                    [1.836, 9.837],
                    [-0.109, 1.393],
                    [0, 0],
                    [2.28, -5.868],
                    [3.244, -12.416],
                    [3.196, -18.812],
                    [-12.539, -17.679],
                    [-0.61, 0.042],
                    [-3.617, -3.365],
                    [-24.609, -6.797],
                    [-19.916, 15.303],
                    [0.404, 7.048]
                  ],
                  "v": [
                    [-81.245, 39.313],
                    [-80.219, 55.325],
                    [-80.455, 58.549],
                    [-72.549, 58.95],
                    [-72.398, 55.041],
                    [-71.631, 43.236],
                    [-70.594, 26.145],
                    [-39.04, 1.368],
                    [-5.865, 4.385],
                    [25.448, -6.454],
                    [29.705, -7.42],
                    [35.678, -3.178],
                    [66.124, 22.46],
                    [66.193, 52.068],
                    [64.488, 65.903],
                    [70.661, 66.215],
                    [76.797, 49.275],
                    [80.599, 25.997],
                    [74.121, -27.403],
                    [31.565, -55.303],
                    [24.62, -54.217],
                    [9.77, -59.419],
                    [-65.918, -38.886],
                    [-82.929, 17.706]
                  ],
                  "c": true
                },
                "ix": 2
              },
              "nm": "Path 1",
              "mn": "ADBE Vector Shape - Group",
              "hd": false
            },
            {
              "ty": "fl",
              "c": {
                "a": 0,
                "k": [
                  0.22745098039215686, 0.16470588235294117, 0.3568627450980392,
                  1
                ],
                "ix": 4
              },
              "o": { "a": 0, "k": 100, "ix": 5 },
              "r": 1,
              "nm": "Fill 1",
              "mn": "ADBE Vector Graphic - Fill",
              "hd": false
            },
            {
              "ty": "tr",
              "p": { "a": 0, "k": [260.465, 116.293], "ix": 2 },
              "a": { "a": 0, "k": [0, 0], "ix": 1 },
              "s": { "a": 0, "k": [100, 100], "ix": 3 },
              "r": { "a": 0, "k": 0, "ix": 6 },
              "o": { "a": 0, "k": 100, "ix": 7 },
              "sk": { "a": 0, "k": 0, "ix": 4 },
              "sa": { "a": 0, "k": 0, "ix": 5 },
              "nm": "Transform"
            }
          ],
          "nm": "Group 8",
          "np": 2,
          "cix": 2,
          "ix": 8,
          "mn": "ADBE Vector Group",
          "hd": false
        },
        {
          "ty": "gr",
          "it": [
            {
              "ind": 0,
              "ty": "sh",
              "ix": 1,
              "ks": {
                "a": 0,
                "k": {
                  "i": [
                    [4.482, -2.768],
                    [1.879, -1.022],
                    [0.155, 2.704],
                    [0.804, 10.124],
                    [12.973, 5.417],
                    [13.278, -3.004],
                    [0.77, -0.207],
                    [13.347, -4.045],
                    [2.542, -13.916],
                    [1.632, -10.177],
                    [4.268, 2.922],
                    [1.889, 1.449],
                    [0.326, -3.091],
                    [-4.74, -10.274],
                    [-4.031, -4.411],
                    [-1.46, -5.891],
                    [-2.285, -3.262],
                    [-5.658, -6.395],
                    [-7.497, -4.074],
                    [-5.958, -0.029],
                    [-0.785, -0.06],
                    [-4.127, 1.726],
                    [-5.883, 5.43],
                    [-5.554, 6.441],
                    [-1.392, 3.882],
                    [-4.935, 4.408],
                    [-3.339, 5.641],
                    [0.042, 11.071]
                  ],
                  "o": [
                    [-2.024, 1.252],
                    [-4.54, 2.476],
                    [-0.594, -10.289],
                    [-1.12, -14.1],
                    [-12.141, -5.071],
                    [-0.794, 0.18],
                    [-13.239, -5.058],
                    [-13.452, 4.079],
                    [-1.826, 9.989],
                    [-0.43, 2.675],
                    [-1.767, -1.21],
                    [-4.18, -3.209],
                    [-1.165, 11.009],
                    [2.746, 5.95],
                    [4.465, 4.883],
                    [0.99, 4.002],
                    [4.875, 6.969],
                    [5.299, 5.995],
                    [4.52, 2.455],
                    [0.775, 0.074],
                    [5.244, 0.407],
                    [7.871, -3.293],
                    [6.273, -5.791],
                    [2.601, -3.012],
                    [2.046, -5.714],
                    [4.456, -3.978],
                    [5.753, -9.743],
                    [-0.013, -3.105]
                  ],
                  "v": [
                    [79.259, -20.513],
                    [76.143, -14.86],
                    [71.332, -21.195],
                    [75.366, -51.185],
                    [47.721, -80.922],
                    [6.202, -83.955],
                    [3.821, -83.427],
                    [-40.11, -85.377],
                    [-70.62, -58.59],
                    [-69.641, -28.347],
                    [-75.071, -22.53],
                    [-77.597, -28.469],
                    [-84.147, -23.47],
                    [-79.484, 9.948],
                    [-68.547, 22.176],
                    [-63.864, 42.029],
                    [-58.965, 52.982],
                    [-39.531, 69.937],
                    [-21.854, 85.961],
                    [-4.917, 88.811],
                    [-2.574, 89.015],
                    [12.221, 87.688],
                    [31.432, 73.536],
                    [52.479, 58.634],
                    [58.464, 48.234],
                    [65.13, 28.957],
                    [77.25, 17.899],
                    [85.27, -14.876]
                  ],
                  "c": true
                },
                "ix": 2
              },
              "nm": "Path 1",
              "mn": "ADBE Vector Shape - Group",
              "hd": false
            },
            {
              "ty": "fl",
              "c": {
                "a": 0,
                "k": [
                  0.788235294117647, 0.5607843137254902, 0.7568627450980392, 1
                ],
                "ix": 4
              },
              "o": { "a": 0, "k": 100, "ix": 5 },
              "r": 1,
              "nm": "Fill 1",
              "mn": "ADBE Vector Graphic - Fill",
              "hd": false
            },
            {
              "ty": "tr",
              "p": { "a": 0, "k": [256.949, 192.64], "ix": 2 },
              "a": { "a": 0, "k": [0, 0], "ix": 1 },
              "s": { "a": 0, "k": [100, 100], "ix": 3 },
              "r": { "a": 0, "k": 0, "ix": 6 },
              "o": { "a": 0, "k": 100, "ix": 7 },
              "sk": { "a": 0, "k": 0, "ix": 4 },
              "sa": { "a": 0, "k": 0, "ix": 5 },
              "nm": "Transform"
            }
          ],
          "nm": "Group 9",
          "np": 2,
          "cix": 2,
          "ix": 9,
          "mn": "ADBE Vector Group",
          "hd": false
        },
        {
          "ty": "gr",
          "it": [
            {
              "ind": 0,
              "ty": "sh",
              "ix": 1,
              "ks": {
                "a": 0,
                "k": {
                  "i": [
                    [0, 0],
                    [0, 0],
                    [0, 0],
                    [0, 0],
                    [0, 0],
                    [0, 0],
                    [0, 0]
                  ],
                  "o": [
                    [0, 0],
                    [0, 0],
                    [0, 0],
                    [0, 0],
                    [0, 0],
                    [0, 0],
                    [0, 0]
                  ],
                  "v": [
                    [-48.644, -43.925],
                    [-48.87, -39.496],
                    [-50.725, -2.891],
                    [1.014, 44.19],
                    [19.103, 27.643],
                    [48.443, 0.813],
                    [50.725, -44.19]
                  ],
                  "c": true
                },
                "ix": 2
              },
              "nm": "Path 1",
              "mn": "ADBE Vector Shape - Group",
              "hd": false
            },
            {
              "ty": "fl",
              "c": {
                "a": 0,
                "k": [
                  0.788235294117647, 0.5607843137254902, 0.7568627450980392, 1
                ],
                "ix": 4
              },
              "o": { "a": 0, "k": 100, "ix": 5 },
              "r": 1,
              "nm": "Fill 1",
              "mn": "ADBE Vector Graphic - Fill",
              "hd": false
            },
            {
              "ty": "tr",
              "p": { "a": 0, "k": [252.138, 291.617], "ix": 2 },
              "a": { "a": 0, "k": [0, 0], "ix": 1 },
              "s": { "a": 0, "k": [100, 100], "ix": 3 },
              "r": { "a": 0, "k": 0, "ix": 6 },
              "o": { "a": 0, "k": 100, "ix": 7 },
              "sk": { "a": 0, "k": 0, "ix": 4 },
              "sa": { "a": 0, "k": 0, "ix": 5 },
              "nm": "Transform"
            }
          ],
          "nm": "Group 10",
          "np": 2,
          "cix": 2,
          "ix": 10,
          "mn": "ADBE Vector Group",
          "hd": false
        }
      ],
      "ip": 0,
      "op": 301.000012259981,
      "st": 0,
      "bm": 0
    },
    {
      "ddd": 0,
      "ind": 4,
      "ty": 4,
      "nm": "Shape Layer 1",
      "sr": 1,
      "ks": {
        "o": { "a": 0, "k": 100, "ix": 11 },
        "r": { "a": 0, "k": 0, "ix": 10 },
        "p": { "a": 0, "k": [366, 366, 0], "ix": 2 },
        "a": { "a": 0, "k": [-1.5, -1.5, 0], "ix": 1 },
        "s": { "a": 0, "k": [100, 100, 100], "ix": 6 }
      },
      "ao": 0,
      "hasMask": true,
      "masksProperties": [
        {
          "inv": false,
          "mode": "s",
          "pt": {
            "a": 0,
            "k": {
              "i": [
                [0, 0],
                [0, 0],
                [0, 0],
                [0, 0]
              ],
              "o": [
                [0, 0],
                [0, 0],
                [0, 0],
                [0, 0]
              ],
              "v": [
                [4.5, -498.96],
                [-498.96, 4.5],
                [4.5, 507.96],
                [507.96, 4.5]
              ],
              "c": true
            },
            "ix": 1
          },
          "o": { "a": 0, "k": 100, "ix": 3 },
          "x": { "a": 0, "k": 0, "ix": 4 },
          "nm": "Mask 1"
        }
      ],
      "shapes": [
        {
          "ty": "gr",
          "it": [
            {
              "ty": "rc",
              "d": 1,
              "s": { "a": 0, "k": [660, 660], "ix": 2 },
              "p": { "a": 0, "k": [0, 0], "ix": 3 },
              "r": { "a": 0, "k": 142, "ix": 4 },
              "nm": "Rectangle Path 1",
              "mn": "ADBE Vector Shape - Rect",
              "hd": false
            },
            {
              "ty": "st",
              "c": {
                "a": 0,
                "k": [
                  0.788235294117647, 0.5607843137254902, 0.7568627450980392, 1
                ],
                "ix": 3
              },
              "o": { "a": 0, "k": 100, "ix": 4 },
              "w": { "a": 0, "k": 11.48, "ix": 5 },
              "lc": 1,
              "lj": 1,
              "ml": 4,
              "ml2": { "a": 0, "k": 4, "ix": 8 },
              "nm": "Stroke 1",
              "mn": "ADBE Vector Graphic - Stroke",
              "hd": false
            },
            {
              "ty": "fl",
              "c": {
                "a": 0,
                "k": [
                  0.788235294117647, 0.5607843137254902, 0.7568627450980392, 1
                ],
                "ix": 4
              },
              "o": { "a": 0, "k": 0, "ix": 5 },
              "r": 1,
              "nm": "Fill 1",
              "mn": "ADBE Vector Graphic - Fill",
              "hd": false
            },
            {
              "ty": "tr",
              "p": { "a": 0, "k": [-1.5, -1.5], "ix": 2 },
              "a": { "a": 0, "k": [0, 0], "ix": 1 },
              "s": { "a": 0, "k": [100, 100], "ix": 3 },
              "r": { "a": 0, "k": 0, "ix": 6 },
              "o": { "a": 0, "k": 100, "ix": 7 },
              "sk": { "a": 0, "k": 0, "ix": 4 },
              "sa": { "a": 0, "k": 0, "ix": 5 },
              "nm": "Transform"
            }
          ],
          "nm": "Rectangle 1",
          "np": 3,
          "cix": 2,
          "ix": 1,
          "mn": "ADBE Vector Group",
          "hd": false
        }
      ],
      "ip": 0,
      "op": 301.000012259981,
      "st": 0,
      "bm": 0
    }
  ],
  "markers": []
}
